population,responder_subjects,non_responder_subjects,responder_mean_percentage,non_responder_mean_percentage,mann_whitney_u,p_value,adjusted_p_value,significant_unadjusted,significant_after_fdr
cd4_t_cell,331,325,30.53780834185009,29.90226177625406,59855.0,0.012422106237428315,0.06211053118714158,True,False
nk_cell,331,325,14.840944270860408,15.073166214646593,50081.0,0.12674471572310064,0.3168617893077516,False,False
monocyte,331,325,19.94176317842263,20.084327940698323,51079.0,0.26449173372700063,0.43224469202296695,False,False
b_cell,331,325,9.797552613770158,9.996319710875161,51499.0,0.34579575361837356,0.43224469202296695,False,False
cd8_t_cell,331,325,24.88193159509671,24.943924357525862,52591.0,0.6221436939857599,0.6221436939857599,False,False
